ave_fitness	ave_genome_length	ave_tree_depth	ave_tree_nodes	ave_used_codons	best_fitness	gen	invalids	max_genome_length	max_tree_depth	max_tree_nodes	max_used_codons	min_genome_length	min_tree_depth	min_tree_nodes	min_used_codons	runtime_error	time_adjust	time_taken	total_inds	total_time	unique_inds	unused_search	
-0.0060092751102092746	711.48	11.9	689.72	474.42	0.01709525048013819	0	0	4344	17	4249	2896	21	7	20	14	12	0	358.5904366970062	50	358.5904366970062	38	24.0	
-0.006302898717396954	275.16	9.428571428571429	87.07142857142857	59.57142857142857	0.01709525048013819	1	37	670	17.0	654.0	447.0	24	7.0	15.0	11.0	17	0	35.87690091133118	100	394.4673376083374	46	54.0	
-0.009532327903919006	344.3	9.774193548387096	74.70967741935483	51.096774193548384	0.01709525048013819	2	56	670	18.0	654.0	447.0	134	7.0	15.0	11.0	23	0	88.31346774101257	150	482.78080534935	69	54.0	
-0.005927537744811733	320.94	9.142857142857142	57.57142857142857	39.2	0.019440163954668365	3	72	670	16.0	654.0	447.0	131	8.0	15.0	11.0	36	0	96.10728120803833	200	578.8880865573883	89	55.5	
-0.006759060825482724	299.02	9.756756756756756	51.054054054054056	34.810810810810814	0.019440163954668365	4	86	494	19.0	196.0	132.0	130	8.0	15.0	11.0	49	0	99.98268032073975	250	678.870766878128	112	55.199999999999996	
