ave_fitness	ave_genome_length	ave_tree_depth	ave_tree_nodes	ave_used_codons	best_fitness	gen	invalids	max_genome_length	max_tree_depth	max_tree_nodes	max_used_codons	min_genome_length	min_tree_depth	min_tree_nodes	min_used_codons	runtime_error	time_adjust	time_taken	total_inds	total_time	unique_inds	unused_search	
-0.006650655130864513	1914.52	11.74	1816.78	1276.5	0.008492998071106815	0	0	20412	17	19384	13608	28	7	28	19	37	0	362.00021719932556	50	362.00021719932556	13	74.0	
-0.006922704927601654	187.46	12.625	144.0625	102.9375	0.008492998071106815	1	35	494	20.0	624.0	445.0	29	8.0	30.0	21.0	47	0	33.63033843040466	100	395.6305556297302	18	82.0	
-0.003498996784364885	206.94	9.21875	54.5	38.6875	0.009167616712029241	2	54	476	20.0	453.0	321.0	28	7.0	26.0	19.0	72	0	75.0480477809906	150	470.6786034107208	24	84.0	
-0.007818766637932621	155.16	8.9	41.25	29.35	0.009167616712029241	3	64	469	17.0	263.0	190.0	23	8.0	26.0	19.0	100	0	100.44457864761353	200	571.1231820583344	36	82.0	
-0.004814230570301138	117.86	9.357142857142858	41.857142857142854	29.80952380952381	0.009167616712029241	4	72	370	20.0	135.0	98.0	23	8.0	25.0	18.0	130	0	99.1117012500763	250	670.2348833084106	48	80.8	
-0.005201635472113605	115.04	9.075	37.0	26.35	0.009167616712029241	5	82	384	15.0	66.0	47.0	24	8.0	26.0	19.0	160	0	101.11150527000427	300	771.3463885784149	58	80.66666666666667	
-0.010271001469131217	122.6	9.323529411764707	43.44117647058823	31.0	0.009167616712029241	6	98	369	16.0	106.0	74.0	8	7.0	26.0	19.0	185	0	77.58305835723877	350	848.9294469356537	67	80.85714285714286	
-0.008021559772685557	125.72	10.054054054054054	50.270270270270274	36.0	0.009167616712029241	7	111	403	18.0	130.0	94.0	27	7.0	25.0	18.0	209	0	83.14739656448364	400	932.0768435001373	80	80.0	
