ave_genome_length	ave_tree_depth	ave_tree_nodes	ave_used_codons	first_front	gen	invalids	max_genome_length	max_tree_depth	max_tree_nodes	max_used_codons	min_genome_length	min_tree_depth	min_tree_nodes	min_used_codons	pareto_fronts	runtime_error	time_adjust	time_taken	total_inds	total_time	unique_inds	unused_search	
1733.84	11.9	1646.98	1156.1	11	0	0	25486	17	24258	16991	28	7	27	19	6	33	0	372.10184717178345	50	372.10184717178345	17	66.0	
92.28	9.647058823529411	77.73529411764706	54.8235294117647	23	1	31	432	18.0	410.0	288.0	26	7.0	27.0	19.0	7	37	0	61.273895025253296	100	433.37574219703674	32	68.0	
